patient_info_name,patient_info_age,patient_info_gender,patient_info_blood_group,patient_info_report_date,report_data_Complete Blood Count (CBC)_Hemoglobin,report_data_Complete Blood Count (CBC)_RBC Count,report_data_Complete Blood Count (CBC)_WBC Count,report_data_Complete Blood Count (CBC)_Platelets,report_data_Complete Blood Count (CBC)_Hematocrit,report_data_Complete Blood Count (CBC)_MCV,report_data_Complete Blood Count (CBC)_MCH,report_data_Complete Blood Count (CBC)_MCHC,report_data_Complete Blood Count (CBC)_RDW,report_data_Complete Blood Count (CBC)_Neutrophils,report_data_Complete Blood Count (CBC)_Lymphocytes,report_data_Complete Blood Count (CBC)_Monocytes,report_data_Complete Blood Count (CBC)_Eosinophils,report_data_Complete Blood Count (CBC)_Basophils,analysis_results_summary,analysis_results_normal_parameters,analysis_results_abnormal_parameters,analysis_results_critical_parameters,analysis_results_conditions_detected,analysis_results_recommendations,timestamp
hg,30,male,A+,2026-03-21,14.0,4.8,7.5,250,42.0,90.0,30.0,33.0,13.0,60,30,5,2,1,"### Analysis Summary

- **Patient:** Male, Age 30
- **Parameters Analyzed:** 14
- **Normal Parameters:** 14
- **Abnormal Parameters:** 0
- **Critical Parameters:** 0

✅ No significant abnormalities detected. Parameters are within normal range.
","[{""category"": ""Complete Blood Count (CBC)"", ""parameter"": ""Hemoglobin"", ""value"": 14.0, ""unit"": ""g/dL"", ""low"": 13.5, ""high"": 17.5, ""status"": ""normal""}, {""category"": ""Complete Blood Count (CBC)"", ""parameter"": ""RBC Count"", ""value"": 4.8, ""unit"": ""million/μL"", ""low"": 4.5, ""high"": 5.9, ""status"": ""normal""}, {""category"": ""Complete Blood Count (CBC)"", ""parameter"": ""WBC Count"", ""value"": 7.5, ""unit"": ""thousand/μL"", ""low"": 4.0, ""high"": 11.0, ""status"": ""normal""}, {""category"": ""Complete Blood Count (CBC)"", ""parameter"": ""Platelets"", ""value"": 250, ""unit"": ""thousand/μL"", ""low"": 150, ""high"": 450, ""status"": ""normal""}, {""category"": ""Complete Blood Count (CBC)"", ""parameter"": ""Hematocrit"", ""value"": 42.0, ""unit"": ""%"", ""low"": 40, ""high"": 54, ""status"": ""normal""}, {""category"": ""Complete Blood Count (CBC)"", ""parameter"": ""MCV"", ""value"": 90.0, ""unit"": ""fL"", ""low"": 80, ""high"": 100, ""status"": ""normal""}, {""category"": ""Complete Blood Count (CBC)"", ""parameter"": ""MCH"", ""value"": 30.0, ""unit"": ""pg"", ""low"": 27, ""high"": 33, ""status"": ""normal""}, {""category"": ""Complete Blood Count (CBC)"", ""parameter"": ""MCHC"", ""value"": 33.0, ""unit"": ""g/dL"", ""low"": 32, ""high"": 36, ""status"": ""normal""}, {""category"": ""Complete Blood Count (CBC)"", ""parameter"": ""RDW"", ""value"": 13.0, ""unit"": ""%"", ""low"": 11.5, ""high"": 14.5, ""status"": ""normal""}, {""category"": ""Complete Blood Count (CBC)"", ""parameter"": ""Neutrophils"", ""value"": 60, ""unit"": ""%"", ""low"": 40, ""high"": 75, ""status"": ""normal""}, {""category"": ""Complete Blood Count (CBC)"", ""parameter"": ""Lymphocytes"", ""value"": 30, ""unit"": ""%"", ""low"": 20, ""high"": 45, ""status"": ""normal""}, {""category"": ""Complete Blood Count (CBC)"", ""parameter"": ""Monocytes"", ""value"": 5, ""unit"": ""%"", ""low"": 2, ""high"": 10, ""status"": ""normal""}, {""category"": ""Complete Blood Count (CBC)"", ""parameter"": ""Eosinophils"", ""value"": 2, ""unit"": ""%"", ""low"": 1, ""high"": 6, ""status"": ""normal""}, {""category"": ""Complete Blood Count (CBC)"", ""parameter"": ""Basophils"", ""value"": 1, ""unit"": ""%"", ""low"": 0, ""high"": 2, ""status"": ""normal""}]",[],[],[],[],2026-03-21T16:07:01.716312
